tipo,fecha,compra,venta
"Oficial",2026-09-21,1450.00,1500.00
"Oficial",2026-09-22,1452.00,1502.00
"Oficial",2026-09-23,1455.00,1505.00
"Oficial",2026-09-24,1458.00,1508.00
"Oficial",2026-09-25,1460.00,1510.00
"Blue",2026-09-21,1470.00,1490.00
"Blue",2026-09-22,1475.00,1495.00
"Blue",2026-09-23,1480.00,1500.00
"Blue",2026-09-24,1478.00,1498.00
"Blue",2026-09-25,1485.00,1505.00
"MEP",2026-09-21,1488.50,1495.20
"MEP",2026-09-22,1490.10,1497.80
"MEP",2026-09-23,1493.40,1500.60
"MEP",2026-09-24,1491.00,1498.30
"MEP",2026-09-25,1496.70,1503.90
