nombre,descripcion
"Ficción moderna y contemporánea","Obras narrativas, novelas y relatos literarios del siglo XX y XXI."
"Policiales y de misterio","Relatos centrados en crímenes, investigación, detectives y suspenso."
"Estudios de comunicación","Ensayos y obras académicas sobre medios, periodismo e investigación social."
"Memorias","Textos autobiográficos, diarios y vivencias personales de autores."
"Ficción contemporánea infantil","Narrativa, cuentos y novelas dirigidos a lectores infantiles y preadolescentes."
"Literatura juvenil","Novelas orientadas al público Young Adult (YA), romance, fantasía y drama juvenil."
"Psicología","Obras sobre desarrollo de la mente, psicoanálisis, terapia y conducta humana."
"Autoayuda y superación","Libros orientados al crecimiento personal, bienestar emocional y hábitos."
"Historia argentina","Ensayos, investigaciones y crónicas sobre el pasado político y social de Argentina."
"Ciencia ficción y fantasía","Narrativas especulativas, mundos imaginarios, tecnología futura y magia."
"Gastronomía y cocina","Libros de recetas, técnicas culinarias y enología."
"Biografías","Narraciones documentadas sobre la vida de personalidades históricas o públicas."
