isbn,titulo,autor,anio_publicacion,genero,editorial,idioma,paginas,url_referencia
"9789877381887","LA NOCHE DE LA USINA","SACHERI, EDUARDO",2016,"Ficción moderna y contemporánea","ALFAGUARA","Español",,"https://cuspide.com/producto/la-noche-de-la-usina-2/"
"9789877392227","LA ASISTENTA","MCFADDEN, FREIDA",2024,"Policiales y de misterio","SUMA DE LETRAS","Español",,"https://cuspide.com/producto/la-asistenta/"
"9789504991410","TOPOS","ALCONADA MON, HUGO",2025,"Estudios de comunicación","PLANETA","Español",,"https://cuspide.com/producto/topos/"
"9786316851024","COSAS EN TODAS PARTES","LONGSTRETH, HELEN",2026,"Memorias","CHAI EDITORA","Español",,"https://cuspide.com/producto/cosas-en-todas-partes/"
"9786316620194","SEMPITERNO","MARCÚS, JOANA",2025,"Ficción contemporánea infantil","MONTENA","Español",,"https://cuspide.com/producto/sempiterno-2/"
"9789500769341","MI NOMBRE ES EMILIA DEL VALLE","ALLENDE, ISABEL",2025,"Ficción moderna y contemporánea","SUDAMERICANA","Español",,"https://cuspide.com/producto/mi-nombre-es-emilia-del-valle/"
"9789877380583","LOS DUEÑOS DEL MUNDO","SACHERI, EDUARDO",2024,"Ficción moderna y contemporánea","ALFAGUARA","Español",,"https://cuspide.com/producto/los-duenos-del-mundo/"
"9789878220581","CUANDO EL CAFE ESTE LISTO","KAWAGUCHI, TOSHIKAZU",2026,"Ficción moderna y contemporánea","PLAZA & JANÉS","Español",,"https://cuspide.com/producto/cuando-el-cafe-este-listo/"
"9789878220314","HASTA EL PROXIMO CAFE","KAWAGUCHI, TOSHIKAZU",2025,"Ficción moderna y contemporánea","PLAZA & JANÉS","Español",,"https://cuspide.com/producto/hasta-el-proximo-cafe/"
"9789870434405","SER FELIZ ERA ESTO","SACHERI, EDUARDO",2014,"Ficción moderna y contemporánea","ALFAGUARA","Español",,"https://cuspide.com/producto/ser-feliz-era-esto/"
"9789877694017","BLANCO","ELLIS, BRET EASTON",2025,"Ficción moderna y contemporánea","DEBOLSILLO","Español",,"https://cuspide.com/producto/blanco-2/"
"9789500444507","LOS NUEVOS","MARGALIT, AVISHAI",2025,"Ficción moderna y contemporánea","EMECÉ","Español",,"https://cuspide.com/producto/los-nuevos/"
"9789874924971","ANTES DE DICIEMBRE","MARCÚS, JOANA",2026,"Ficción contemporánea infantil","MONTENA","Español",,"https://cuspide.com/producto/antes-de-diciembre-2/"
"9788419638120","BINDING 13","WALSH, CHLOE",2024,"Literatura juvenil","MONTENA","Español",,"https://cuspide.com/producto/binding-13-los-chicos-de-tommen-1/"
"9789501501018","EL HOMBRE EN BUSCA DE SENTIDO","FRANKL, VIKTOR E.",2023,"Psicología","HERDER","Español",,"https://cuspide.com/producto/el-hombre-en-busca-de-sentido/"
