isbn,moneda,monto,fecha_vigencia
"9789877381887","ARS",45999.00,2026-08-01
"9789877381887","ARS",48899.00,2026-09-28
"9789877392227","ARS",45999.00,2026-09-28
"9789504991410","ARS",52900.00,2026-09-28
"9786316851024","ARS",28900.00,2026-09-28
"9786316620194","ARS",35499.00,2026-09-28
"9789500769341","ARS",47999.00,2026-09-28
"9789877380583","ARS",31999.00,2026-09-28
"9789878220581","ARS",41999.00,2026-09-28
"9789878220314","ARS",41999.00,2026-09-28
"9789870434405","ARS",41999.00,2026-08-01
"9789870434405","ARS",43999.00,2026-09-28
"9789877694017","ARS",32999.00,2026-09-28
"9789500444507","ARS",36500.00,2026-09-28
"9789874924971","ARS",38999.00,2026-09-28
"9788419638120","USD",38.50,2026-09-28
"9789501501018","ARS",22900.00,2026-09-28
